City_ID,City,Lat,Lng,Max Temp,Humidity,Cloudiness,Wind Speed,Country,Date
0,port-aux-francais,-49.35,70.2167,7.62,91,100,18.03,TF,1683824655
1,cabo san lucas,22.8909,-109.9124,30.9,43,3,5.14,MX,1683824394
2,vadso,70.0744,29.7487,10.49,76,0,1.54,NO,1683824459
3,nemuro,43.3236,145.575,3.17,81,18,5.51,JP,1683824656
4,yellowknife,62.456,-114.3525,15.31,36,40,5.66,CA,1683824656
5,happy valley-goose bay,53.3168,-60.3315,10.17,23,20,4.63,CA,1683824656
6,tiksi,71.6872,128.8694,-11.88,81,88,10.61,RU,1683824384
7,keflavik,64.0049,-22.5624,9.95,93,100,9.26,IS,1683824657
8,police,53.5521,14.5718,21.22,58,44,4.36,PL,1683824658
9,adamstown,-25.066,-130.1015,21.52,53,93,8.8,PN,1683824663
10,sitka,57.0531,-135.33,8.08,87,100,2.91,US,1683824403
11,ushuaia,-54.8,-68.3,6.81,81,75,1.03,AR,1683824664
12,puerto natales,-51.7236,-72.4875,10.25,71,75,1.03,CL,1683824606
13,whitehorse,60.7161,-135.0538,11.72,50,40,6.71,CA,1683824666
14,bardai,11.65,7.2333,35.04,23,98,3.44,NG,1683824666
15,chernyshevskiy,63.0128,112.4714,-4.98,88,20,2.54,RU,1683824554
16,queenstown,-31.8976,26.8753,14.46,53,54,1.72,ZA,1683824667
17,aldan,58.6031,125.3894,-2.52,98,100,3.87,RU,1683824667
18,enewetak,11.3474,162.3373,27.55,83,100,6.77,MH,1683824480
19,bikenibeu village,1.3673,173.1241,27.98,83,40,3.09,KI,1683824668
20,tamiahua,21.2667,-97.45,31.87,62,20,3.73,MX,1683824668
21,bredasdorp,-34.5322,20.0403,13.48,67,100,4.6,ZA,1683824669
22,kingston,17.997,-76.7936,33.47,61,20,4.02,JM,1683824443
23,arraial do cabo,-22.9661,-42.0278,23.92,73,75,2.57,BR,1683824561
24,blackmans bay,-43.0167,147.3167,7.07,87,100,2.99,AU,1683824670
25,mount gambier,-37.8333,140.7667,11.68,92,100,2.1,AU,1683824670
26,cockburn town,21.4612,-71.1419,26.91,75,78,4.79,TC,1683824670
27,ponto novo,-10.8628,-40.1336,32.09,41,61,2.7,BR,1683824671
28,grytviken,-54.2811,-36.5092,-2.74,77,31,4.78,GS,1683824383
29,dryden,49.7833,-92.7503,19.16,63,0,3.6,CA,1683824671
30,paracuru,-3.41,-39.0306,28.95,67,89,4.11,BR,1683824671
31,tabou,4.423,-7.3528,29.66,70,36,2.98,CI,1683824446
32,rancho palos verdes,33.7445,-118.387,18.64,75,75,2.57,US,1683824614
33,san patricio,28.017,-97.5169,30.09,67,65,7.03,US,1683824673
34,tazacorte,28.629,-17.9293,23.97,76,40,8.23,ES,1683824673
35,crane,31.3974,-102.3501,26.01,11,0,6.44,US,1683824542
36,ketchikan,55.3422,-131.6461,10.99,58,99,2.7,US,1683824491
37,celestun,20.8667,-90.4,33.09,53,27,2.05,MX,1683824674
38,ilulissat,69.2167,-51.1,-1.99,74,75,8.23,GL,1683824674
39,port lincoln,-34.7333,135.8667,14.58,71,84,5.3,AU,1683824386
40,afaahiti,-17.75,-149.2833,24.93,94,100,13.51,PF,1683824474
41,iqaluit,63.7506,-68.5145,-4.15,73,20,6.71,CA,1683824514
42,ribeira grande,38.5167,-28.7,20.22,68,20,4.92,PT,1683824675
43,portland,45.5234,-122.6762,18.36,68,53,0.89,US,1683824389
44,kirkwall,58.9848,-2.9587,10.03,81,75,3.6,GB,1683824675
45,floro,61.5996,5.0328,13.46,93,75,1.54,NO,1683824539
46,punta arenas,-53.15,-70.9167,8.06,76,75,2.06,CL,1683824425
47,lompoc,34.6391,-120.4579,19.36,74,53,7.15,US,1683824463
48,quellon,-43.1167,-73.6167,14.14,94,100,1.03,CL,1683824676
49,phang nga,8.4509,98.5298,26.02,78,12,1.39,TH,1683824677
50,georgetown,5.4112,100.3354,31.97,80,20,2.06,MY,1683824565
51,chonchi,-42.6128,-73.8092,15.07,82,100,1.56,CL,1683824677
52,fort st. john,56.2499,-120.8529,12.94,58,75,2.06,CA,1683824403
53,invercargill,-46.4,168.35,8.34,95,87,1.34,NZ,1683824678
54,minas de marcona,-15.2119,-75.1103,20.09,59,52,4.66,PE,1683824557
55,constantia,44.1833,28.65,11.5,69,62,4.56,RO,1683824423
56,ikongo,-21.8833,47.4333,20.11,99,100,0.49,MG,1683824679
57,fale old settlement,-9.3852,-171.2468,28.55,78,22,6.76,TK,1683824397
58,luderitz,-26.6481,15.1594,17.05,67,100,8.73,NA,1683824679
59,bethel,41.3712,-73.414,26.21,34,2,0.89,US,1683824523
60,wailua homesteads,22.0669,-159.378,22.24,90,72,3.72,US,1683824383
61,katima mulilo,-17.5,24.2667,21.27,29,0,1.85,NA,1683824680
62,ulsteinvik,62.3432,5.8487,12.73,91,99,0.89,NO,1683824681
63,albany,42.6001,-73.9662,24.8,35,7,0.89,US,1683824541
64,nelson bay,-32.7167,152.15,14.44,100,4,3.13,AU,1683824681
65,saudarkrokur,65.7461,-19.6394,13.36,59,96,7.38,IS,1683824681
66,tamanrasset,22.785,5.5228,30.95,10,0,2.06,DZ,1683824585
67,kapa'a,22.0752,-159.319,23.18,87,100,5.14,US,1683824682
68,hermanus,-34.4187,19.2345,12.11,66,100,6.13,ZA,1683824682
69,margaret river,-33.95,115.0667,11.01,74,11,3.23,AU,1683824682
70,lihue,21.9789,-159.3672,22.58,90,85,4.13,US,1683824637
71,anadyr,64.75,177.4833,-2.72,80,0,4.0,RU,1683824683
72,college,64.8569,-147.8028,11.16,57,100,2.06,US,1683824683
73,edinburgh of the seven seas,-37.0676,-12.3116,16.62,75,64,11.24,SH,1683824439
74,tvoroyri,61.5556,-6.8111,9.61,85,10,3.95,FO,1683824684
75,camocim,-2.9022,-40.8411,30.53,64,50,3.4,BR,1683824684
76,tazovsky,67.4667,78.7,-17.16,99,78,3.34,RU,1683824464
77,labrador city,52.9463,-66.9114,8.95,31,40,5.14,CA,1683824686
78,aasiaat,68.7098,-52.8699,-2.99,74,100,0.71,GL,1683824686
79,daru,-9.0763,143.2092,25.33,93,100,5.19,PG,1683824687
80,letlhakane,-21.4167,25.5833,20.28,34,0,1.65,BW,1683824688
81,port saint john's,-31.6229,29.5448,21.67,84,37,5.51,ZA,1683824688
82,nguigmi,14.2495,13.1092,31.31,21,100,2.23,NE,1683824689
83,kendari,-3.945,122.4989,24.35,95,42,1.57,ID,1683824689
84,san agustin de valle fertil,-30.6335,-67.4682,19.93,50,70,3.05,AR,1683824689
85,thunder bay,48.4001,-89.3168,20.99,64,40,14.92,CA,1683824450
86,chardara,41.2547,67.9692,24.21,37,92,3.76,KZ,1683824690
87,juneau,58.3019,-134.4197,11.79,94,100,2.81,US,1683824514
88,kerikeri,-35.2268,173.9474,10.08,81,5,3.24,NZ,1683824691
89,hotan,37.0997,79.9269,18.92,9,0,3.75,CN,1683824691
90,jackson,42.4165,-122.8345,15.4,72,77,0.89,US,1683824434
91,jamestown,42.097,-79.2353,23.62,40,0,5.14,US,1683824576
92,khandyga,62.6667,135.6,0.97,99,100,0.73,RU,1683824692
93,castillos,-34.1667,-53.8333,16.69,61,75,3.83,UY,1683824472
94,yemva,62.59,50.8594,9.46,59,75,2.69,RU,1683824692
95,saldanha,-33.0117,17.9442,15.03,67,100,9.99,ZA,1683824693
96,lauro de freitas,-12.8944,-38.3272,26.01,89,75,4.63,BR,1683824674
97,papatowai,-46.5619,169.4708,10.59,86,92,6.84,NZ,1683824693
98,inhambane,-23.865,35.3833,25.0,73,20,2.24,MZ,1683824694
99,ust'-kut,56.7938,105.7672,0.07,73,45,1.63,RU,1683824694
100,glendive,47.1053,-104.7125,18.75,63,100,6.17,US,1683824694
101,ji'an,27.1172,114.9793,16.21,94,99,0.91,CN,1683824694
102,bedford,52.1346,-0.4663,19.02,66,28,2.55,GB,1683824458
103,porto novo,6.4965,2.6036,31.9,71,78,4.18,BJ,1683824552
104,siran,40.1894,39.1267,13.69,75,98,1.93,TR,1683824655
105,la gi,10.6667,107.7833,27.77,79,100,2.95,VN,1683824695
106,fuerte olimpo,-21.0415,-57.8738,28.27,39,97,2.65,PY,1683824696
107,waitangi,-43.9535,-176.5597,10.87,54,92,9.56,NZ,1683824696
108,udachny,66.4167,112.4,0.25,80,100,9.11,RU,1683824696
109,ust-nera,64.5667,143.2,-0.58,89,91,2.06,RU,1683824697
110,saint-philippe,-21.3585,55.7679,25.77,81,77,4.82,RE,1683824551
111,barcelos,41.5388,-8.6151,21.62,44,0,7.44,PT,1683824407
112,ocean shores,46.9737,-124.1563,16.32,77,73,1.34,US,1683824438
113,neyriz,29.1988,54.3278,25.68,19,60,7.86,IR,1683824698
114,red lion,39.9009,-76.6058,24.47,41,24,0.45,US,1683824698
115,tharad,24.3961,71.6267,32.5,30,0,4.26,IN,1683824698
116,longyearbyen,78.2186,15.6401,-1.09,80,75,7.2,SJ,1683824699
117,hamilton,39.1834,-84.5333,27.18,41,0,3.09,US,1683824699
118,hawaiian paradise park,19.5933,-154.9731,22.24,86,40,1.54,US,1683824699
119,nieuw amsterdam,5.8833,-55.0833,27.23,88,40,5.14,SR,1683824699
120,sisimiut,66.9395,-53.6735,-1.47,86,100,6.36,GL,1683824700
121,oranjemund,-28.55,16.4333,14.45,86,100,6.27,NA,1683824700
122,zhangjiakou,40.81,114.8794,14.34,44,69,1.24,CN,1683824423
123,qarah bagh,34.9402,61.7759,21.47,45,7,5.96,AF,1683824700
124,waingapu,-9.6567,120.2641,24.47,84,72,5.01,ID,1683824701
125,adler,43.43,39.92,13.09,62,75,1.79,RU,1683824701
126,talnakh,69.4865,88.3972,-14.33,86,20,5.99,RU,1683824702
127,olonkinbyen,70.9221,-8.7187,-0.16,90,99,3.51,SJ,1683824702
128,boca do acre,-8.7522,-67.3978,31.45,54,99,1.59,BR,1683824702
129,anjozorobe,-18.4,47.8667,15.05,97,91,2.18,MG,1683824703
130,nuku'alofa,-21.1333,-175.2,23.19,94,75,2.06,TO,1683824703
131,pisco,-13.7,-76.2167,21.03,83,100,2.57,PE,1683824462
132,east london,-33.0153,27.9116,18.52,82,0,5.66,ZA,1683824704
133,hasaki,35.7333,140.8333,13.45,51,88,3.36,JP,1683824521
134,kani keli,-12.9536,45.1033,26.59,72,10,0.85,YT,1683824704
135,woodland park,40.8898,-74.1949,26.74,31,0,4.63,US,1683824507
136,petoskey,45.3733,-84.9553,25.79,46,0,3.09,US,1683824705
137,touros,-5.1989,-35.4608,29.49,61,38,5.14,BR,1683824706
138,alghero,40.5589,8.3181,18.05,68,40,4.12,IT,1683824706
139,la sarre,48.8002,-79.1996,20.87,42,47,4.06,CA,1683824577
140,tashla,51.7716,52.7427,13.12,58,100,2.95,RU,1683824707
141,west island,-12.1568,96.8225,28.99,84,75,6.69,CC,1683824708
142,bambanglipuro,-7.95,110.2833,26.0,82,100,2.13,ID,1683824709
143,zarghun shahr,32.8473,68.4457,18.31,38,94,6.16,AF,1683824710
144,ivoti,-29.5911,-51.1606,19.8,57,42,1.99,BR,1683824710
145,ta`u,-14.2336,-169.5144,27.37,79,27,5.27,AS,1683824711
146,port alfred,-33.5906,26.891,16.77,88,90,0.89,ZA,1683824711
147,campos belos,-13.0367,-46.7717,33.52,29,93,1.02,BR,1683824712
148,letterkenny,54.95,-7.7333,14.94,77,48,5.0,IE,1683824712
149,cova figueira,14.8905,-24.2934,22.0,73,1,9.89,CV,1683824712
150,kapit,2.0167,112.9333,24.41,96,24,0.08,MY,1683824713
151,thinadhoo,0.5333,72.9333,28.45,77,97,6.65,MV,1683824713
152,sile,41.1754,29.6133,13.09,66,61,3.58,TR,1683824713
153,dudinka,69.4058,86.1778,-14.1,96,19,5.08,RU,1683824714
154,avarua,-21.2078,-159.775,24.03,78,40,4.12,CK,1683824714
155,flying fish cove,-10.4217,105.6791,26.82,89,100,6.17,CX,1683824714
156,aibak,36.2647,68.0155,23.46,26,98,2.18,AF,1683824715
157,mugia,43.1041,-9.2179,18.42,68,1,7.33,ES,1683824715
158,mount isa,-20.7333,139.5,14.87,38,0,3.6,AU,1683824716
159,ghosi,26.1083,83.5436,31.9,11,0,0.77,IN,1683824716
160,khemis miliana,36.261,2.2202,22.69,49,5,4.16,DZ,1683824716
161,bilibino,68.0546,166.4372,-1.83,88,97,0.87,RU,1683824717
162,villa gesell,-37.2639,-56.973,15.59,59,67,2.34,AR,1683824717
163,upata,8.0086,-62.3989,34.67,32,85,1.26,VE,1683824717
164,salur,18.5333,83.2167,29.16,66,100,2.05,IN,1683824718
165,lata,40.1629,-8.3327,24.95,38,0,5.84,PT,1683824719
166,sao jose da coroa grande,-8.8978,-35.1478,27.97,69,57,3.67,BR,1683824719
167,alice springs,-23.7,133.8833,3.75,70,0,2.88,AU,1683824719
168,jalalaqsi,3.3766,45.5996,27.81,67,91,7.92,SO,1683824720
169,atafu village,-8.5421,-172.5159,28.87,77,31,6.61,TK,1683824720
170,mar del plata,-38.0023,-57.5575,13.3,71,100,3.6,AR,1683824553
171,egilsstadir,65.2653,-14.3948,12.95,54,0,8.23,IS,1683824468
172,novodvinsk,64.4165,40.8122,10.53,66,100,2.78,RU,1683824721
173,berdigestyakh,62.0989,126.6992,-2.7,69,100,2.06,RU,1683824721
174,fujikawaguchiko,35.4893,138.6883,6.32,95,99,0.47,JP,1683824722
175,souillac,-20.5167,57.5167,25.21,73,40,5.14,MU,1683824722
176,malango,-2.9627,119.9001,20.37,98,100,0.48,ID,1683824722
177,pecos,31.4229,-103.4932,27.91,10,0,1.54,US,1683824468
178,rongelap,11.1635,166.8941,27.44,83,96,6.73,MH,1683824723
179,axim,4.8699,-2.2405,29.18,73,100,3.34,GH,1683824723
180,nar'yan-mar,67.6713,53.087,0.3,98,100,5.8,RU,1683824724
181,saipan,15.1355,145.701,27.39,100,40,3.09,MP,1683824724
182,qaqortoq,60.7167,-46.0333,3.34,82,100,0.93,GL,1683824724
183,tangalle,6.024,80.7911,25.88,92,100,5.45,LK,1683824725
184,nova sintra,14.8667,-24.7167,20.04,82,3,7.33,CV,1683824726
185,stanley,54.868,-1.6985,14.74,75,20,3.6,GB,1683824726
186,ugoofaaru,5.6667,73.0,28.92,77,98,5.38,MV,1683824726
187,kalevala,65.2,31.1667,6.03,99,78,2.51,RU,1683824727
188,puerto ayora,-0.7393,-90.3518,30.98,95,69,2.68,EC,1683824727
189,sept-iles,50.2001,-66.3821,13.29,44,75,5.14,CA,1683824716
190,al kharijah,25.4514,30.5464,33.31,13,0,5.34,EG,1683824729
191,cianorte,-23.6633,-52.605,22.4,39,20,2.51,BR,1683824729
192,usogorsk,63.4106,48.6872,8.66,96,100,2.05,RU,1683824731
193,santo antonio do ica,-3.1022,-67.9397,23.54,98,100,0.71,BR,1683824732
194,fukuecho,32.6881,128.8419,17.26,72,52,2.42,JP,1683824733
195,port elizabeth,-33.918,25.5701,19.16,90,75,9.26,ZA,1683824733
196,walvis bay,-22.9575,14.5053,17.53,77,0,4.12,NA,1683824733
197,gadzhiyevo,69.2551,33.3362,3.27,100,100,2.34,RU,1683824734
198,luling,29.9322,-90.3665,30.55,72,75,7.2,US,1683824734
199,nova vicosa,-17.8919,-39.3719,26.87,67,57,3.68,BR,1683824735
200,isafjordur,66.0755,-23.124,10.02,66,75,2.06,IS,1683824735
201,opuwo,-18.0607,13.84,25.62,21,81,4.09,NA,1683824736
202,selfoss,63.9331,-20.9971,8.91,85,100,6.49,IS,1683824736
203,arawa,-6.2132,155.5367,25.18,91,75,1.03,PG,1683824736
204,newman,37.3138,-121.0208,17.91,62,5,1.79,US,1683824737
205,thompson,55.7435,-97.8558,15.09,51,40,2.57,CA,1683824515
206,maceio,-9.6658,-35.7353,30.69,66,40,5.66,BR,1683824551
207,okahandja,-21.9833,16.9167,24.08,16,75,1.86,NA,1683824737
208,jayapura,-2.5333,140.7,25.66,88,100,0.2,ID,1683824443
209,shimoda,34.6667,138.95,12.84,80,64,5.1,JP,1683824521
210,byron bay,-28.65,153.6167,14.41,86,30,1.48,AU,1683824649
211,new norfolk,-42.7826,147.0587,7.72,71,98,1.35,AU,1683824738
212,harnosand,62.6323,17.9379,16.0,59,8,6.08,SE,1683824739
213,puerto deseado,-47.7503,-65.8938,13.93,60,5,1.66,AR,1683824530
214,richards bay,-28.783,32.0377,20.47,88,0,3.65,ZA,1683824739
215,rayon,19.1444,-99.5836,20.5,33,18,1.28,MX,1683824739
216,vernon,50.2581,-119.2691,18.67,62,60,1.54,CA,1683824740
217,coari,-4.085,-63.1414,23.17,99,100,0.59,BR,1683824469
218,el calafate,-50.3408,-72.2768,8.7,76,100,1.06,AR,1683824740
219,greymouth,-42.4667,171.2,4.63,74,12,2.93,NZ,1683824741
220,tsiombe,-25.3,45.4833,23.63,83,92,1.48,MG,1683824741
221,fort bragg,35.139,-79.006,27.17,47,57,0.89,US,1683824463
222,plastun,44.7561,136.2939,6.04,90,60,2.0,RU,1683824742
223,petropavlovsk-kamchatsky,53.0452,158.6483,0.33,93,75,4.0,RU,1683824742
224,tonga,-20.0,-175.0,25.75,83,9,4.88,TO,1683824743
225,hoemul-li,41.4339,129.67,9.72,77,84,0.87,KP,1683824743
226,giado,31.9582,12.0203,23.53,35,17,4.01,LY,1683824743
227,jiwani,25.05,61.7417,29.35,72,0,5.05,PK,1683824744
228,khorixas,-20.3667,14.9667,26.73,22,46,1.44,NA,1683824744
229,utrik,11.2278,169.8474,27.42,80,98,8.09,MH,1683824744
230,arno,60.1167,18.6333,9.88,45,17,5.03,SE,1683824744
231,mata-utu,-13.2816,-176.1745,28.54,73,97,8.87,WF,1683824745
232,carnarvon,-24.8667,113.6333,22.41,57,0,6.21,AU,1683824745
233,abaza,52.655,90.0928,10.42,84,87,3.64,RU,1683824745
234,izazi,-7.2,35.7333,24.13,63,99,2.89,TZ,1683824746
235,geraldton,-28.7667,114.6,13.23,58,5,3.09,AU,1683824746
236,olinda,-8.0089,-34.8553,28.85,65,20,4.12,BR,1683824746
237,katsuren-haebaru,26.3369,127.8719,21.01,68,7,3.58,JP,1683824747
238,zhezqazghan,47.7833,67.7667,21.26,32,100,1.93,KZ,1683824471
239,antalaha,-14.9003,50.2788,23.87,84,1,3.59,MG,1683824747
240,tolanaro,-25.0319,46.9987,25.04,78,20,8.23,MG,1683824747
241,peniche,39.3558,-9.3811,20.72,73,0,12.45,PT,1683824748
242,mukalla,14.5425,49.1242,29.3,71,59,2.73,YE,1683824748
243,uyuni,-20.4597,-66.825,12.7,15,25,4.41,BO,1683824748
244,moengo,5.6167,-54.4,25.17,94,87,1.86,SR,1683824749
245,robore,-18.3333,-59.75,25.05,78,40,0.0,BO,1683824749
246,port mathurin,-19.6833,63.4167,25.66,75,77,9.48,MU,1683824476
247,kavieng,-2.5744,150.7967,28.11,76,86,1.22,PG,1683824750
248,vilyuchinsk,52.9306,158.4028,1.15,92,100,4.08,RU,1683824750
249,revda,56.801,59.9303,5.28,84,53,1.89,RU,1683824750
250,west fargo,46.875,-96.9004,23.32,63,0,3.09,US,1683824751
251,masterton,-40.9597,175.6575,3.28,92,16,1.41,NZ,1683824751
252,bad konigshofen im grabfeld,50.3,10.4833,13.47,98,100,1.6,DE,1683824751
253,brisas de zicatela,15.8369,-97.0419,31.29,70,0,5.14,MX,1683824752
254,lido adriano,44.4123,12.3086,16.66,83,99,0.89,IT,1683824752
255,st. john's,47.5649,-52.7093,12.38,45,40,8.75,CA,1683824558
256,brokopondo,4.75,-55.1667,26.76,82,80,1.39,SR,1683824753
257,klyuchi,52.2667,79.1667,13.1,56,30,4.27,RU,1683824753
258,kidal,18.4411,1.4078,39.69,7,99,1.13,ML,1683824759
259,redencao,-4.2258,-38.7306,29.28,69,84,1.51,BR,1683824572
260,badger,64.8,-147.5333,11.67,54,100,2.06,US,1683824760
261,hajipur,25.6833,85.2167,31.99,35,0,1.54,IN,1683824760
262,vila velha,-20.3297,-40.2925,25.97,77,75,5.66,BR,1683824760
263,mount pearl,47.5166,-52.7813,11.92,45,40,8.75,CA,1683824706
264,sarina,-21.4333,149.2167,20.15,69,27,3.54,AU,1683824761
265,dolinsk,47.35,142.8,-0.2,88,40,2.43,RU,1683824761
266,zhelezinka,53.54,75.3072,9.79,67,26,2.04,KZ,1683824762
267,tura,25.5198,90.2201,26.58,41,42,1.52,IN,1683824689
268,cromer,52.9312,1.2989,16.57,76,34,3.13,GB,1683824762
269,ngawi,-7.4038,111.4461,24.59,92,100,1.48,ID,1683824763
270,ad dabbah,18.05,30.95,36.91,8,22,3.73,SD,1683824763
271,molteno,-31.3968,26.3625,14.38,34,48,2.66,ZA,1683824763
272,iskateley,67.6803,53.1512,0.25,98,100,5.74,RU,1683824764
273,lebu,-37.6167,-73.65,15.85,77,54,3.83,CL,1683824764
274,zinacatepec,18.3333,-97.25,31.6,32,12,1.09,MX,1683824765
275,yokadouma,3.5167,15.05,26.63,67,88,0.68,CM,1683824765
276,cadale,2.7603,46.3222,27.48,83,97,8.21,SO,1683824765
277,kapuskasing,49.4169,-82.4331,22.0,40,100,8.23,CA,1683824766
278,shillong,25.5689,91.8831,19.26,52,68,0.66,IN,1683824766
279,aljezur,37.3191,-8.8033,20.08,54,1,9.2,PT,1683824766
280,san juan de uraba,8.7592,-76.5297,30.64,66,90,2.62,CO,1683824767
281,faya-largeau,17.9257,19.1043,36.12,9,83,3.92,TD,1683824767
282,el nido,11.1858,119.3956,28.02,82,100,2.24,PH,1683824470
283,yaren,-0.5472,166.916,28.24,78,75,5.08,NR,1683824768
284,guercif,34.2257,-3.3536,27.94,32,46,8.57,MA,1683824768
285,vad,55.5301,44.2114,10.34,69,92,2.9,RU,1683824769
286,sant lluis,39.8526,4.2594,14.22,94,75,3.09,ES,1683824543
287,nobres,-14.7203,-56.3275,30.78,50,83,1.62,BR,1683824769
288,longfeng,46.55,125.1167,17.96,26,100,5.8,CN,1683824769
289,maiduguri,11.8464,13.1603,39.33,11,72,4.15,NG,1683824770
290,ballina,-28.8667,153.5667,14.45,99,28,1.96,AU,1683824537
291,hami,42.8,93.45,21.25,12,0,3.63,CN,1683824770
292,novyye lyady,58.0536,56.6039,10.58,69,11,1.43,RU,1683824770
293,tromso,69.6496,18.957,8.01,87,75,7.72,NO,1683824771
294,nogliki,51.8333,143.1667,0.23,95,100,1.39,RU,1683824771
295,boiling springs,35.0465,-81.9818,26.32,60,40,2.06,US,1683824771
296,romblon,12.5751,122.2708,28.42,78,100,4.71,PH,1683824772
297,jahazpur,25.6167,75.2833,34.24,8,0,1.78,IN,1683824772
298,sassandra,4.95,-6.0833,29.76,71,70,3.97,CI,1683824772
299,okhotsk,59.3833,143.3,-0.43,91,94,1.7,RU,1683824773
300,jose de freitas,-4.7564,-42.5756,31.53,47,59,1.52,BR,1683824773
301,boyolangu,-8.1181,111.8935,24.87,94,100,1.33,ID,1683824773
302,karwar,14.8,74.1333,28.17,85,97,1.82,IN,1683824774
303,wynyard,-41.0,145.7167,9.99,82,91,0.58,AU,1683824774
304,santa fe do sul,-20.2111,-50.9258,27.15,59,79,2.28,BR,1683824710
305,colonia,50.9333,6.95,16.83,79,20,3.6,DE,1683824713
306,chiredzi,-21.05,31.6667,22.09,45,0,2.99,ZW,1683824775
307,tuy hoa,13.0833,109.3,26.11,90,100,1.64,VN,1683824775
308,montepuez,-13.1256,38.9997,22.91,61,99,1.84,MZ,1683824776
309,suntar,62.1444,117.6319,-1.51,73,10,0.64,RU,1683824776
310,hobyo,5.3505,48.5268,27.7,82,96,10.2,SO,1683824776
311,prince rupert,54.3161,-130.3201,12.05,65,100,2.06,CA,1683824777
312,nicoya,10.1483,-85.452,35.49,40,35,1.5,CR,1683824777
313,qusmuryn,52.4503,64.6311,11.75,58,79,4.1,KZ,1683824777
314,pathardi,19.1667,75.1833,34.58,14,11,2.86,IN,1683824777
315,ambodifotatra,-16.9833,49.85,26.69,73,3,4.47,MG,1683824778
316,dolbeau-mistassini,48.8763,-72.212,19.36,36,0,3.23,CA,1683824531
317,wamba,8.9333,8.6,29.8,55,55,1.98,NG,1683824778
318,dalnerechensk,45.9339,133.7225,7.27,83,23,2.11,RU,1683824779
319,la ronge,55.1001,-105.2842,20.14,32,0,1.54,CA,1683824779
320,ancud,-41.8697,-73.8203,13.7,91,100,4.14,CL,1683824779
321,lipayran,11.0593,123.6342,28.38,81,96,5.33,PH,1683824779
322,macau,22.2006,113.5461,24.89,78,40,2.57,MO,1683824780
323,la'ie,21.6477,-157.9253,22.28,88,58,1.79,US,1683824780
324,bandon,51.7469,-8.7425,14.77,83,42,8.05,IE,1683824780
325,la mira,18.035,-102.3266,30.88,57,71,3.42,MX,1683824781
326,golere,16.2557,-14.1017,42.63,8,89,3.22,SN,1683824781
327,nova venecia,-18.7106,-40.4006,29.67,53,65,0.5,BR,1683824565
328,bolnisi,41.4479,44.5384,15.77,92,99,0.81,GE,1683824782
329,nadym,65.5333,72.5167,-8.56,91,74,2.97,RU,1683824782
330,aleg,17.0481,-13.9209,42.6,8,34,4.77,MR,1683824783
331,mejit,10.2753,170.8646,27.58,80,100,7.86,MH,1683824783
332,polyarnyy,69.1989,33.4478,3.91,100,100,2.22,RU,1683824783
333,haiku-pauwela,20.9219,-156.3051,23.91,85,0,2.57,US,1683824783
334,fortuna,40.5982,-124.1573,14.64,83,100,0.45,US,1683824784
335,mokhsogollokh,61.4681,128.9203,-2.44,73,100,2.06,RU,1683824784
336,gizo,-8.103,156.8419,27.92,78,98,2.84,SB,1683824784
337,conception bay south,47.4999,-52.9981,12.25,46,10,5.47,CA,1683824785
338,pitimbu,-7.4706,-34.8086,30.33,65,58,3.32,BR,1683824785
339,marka,1.7159,44.7717,26.91,86,68,7.6,SO,1683824785
340,buka,40.8108,69.1986,25.12,29,100,2.96,UZ,1683824786
341,champerico,14.3,-91.9167,32.3,62,4,2.76,GT,1683824786
342,belgrade,44.804,20.4651,13.46,71,40,8.75,RS,1683824489
343,ribas do rio pardo,-20.4431,-53.7592,25.4,56,72,2.78,BR,1683824789
344,kulhudhuffushi,6.6221,73.07,29.1,74,95,3.71,MV,1683824790
345,neryungri,56.6709,124.6491,-0.74,94,100,4.24,RU,1683824790
346,altayskoye,51.9533,85.3325,16.22,60,85,4.83,RU,1683824791
347,carutapera,-1.195,-46.02,29.26,70,77,2.95,BR,1683824792
348,katsuura,35.1333,140.3,14.85,66,100,2.0,JP,1683824792
349,saubara,-12.7375,-38.7686,27.63,73,65,3.54,BR,1683824793
350,kupang,-10.1667,123.5833,25.02,80,86,6.09,ID,1683824793
351,karatau,43.1667,70.4667,21.86,32,99,2.36,KZ,1683824793
352,shira,54.4911,89.9531,6.59,79,100,0.57,RU,1683824793
353,novaya igirma,57.1334,103.9112,2.23,57,83,1.87,RU,1683824794
354,garissa,-0.4536,39.6401,28.91,54,97,8.04,KE,1683824794
355,lodja,-3.4833,23.4333,24.76,71,96,0.99,CD,1683824794
356,pacific grove,36.6177,-121.9166,16.12,73,75,2.68,US,1683824670
357,ngaoundere,7.3167,13.5833,20.96,80,88,1.32,CM,1683824795
358,pokaran,26.9167,71.9167,36.64,11,1,3.75,IN,1683824795
359,kambove,-10.8764,26.5969,16.19,65,0,0.65,CD,1683824796
360,maintirano,-18.0667,44.0167,26.03,77,85,3.28,MG,1683824575
361,abu dhabi,24.4667,54.3667,32.06,31,0,2.06,AE,1683824779
362,bubaque,11.2833,-15.8333,26.9,67,53,6.99,GW,1683824796
363,ermoupolis,37.4423,24.9425,16.39,67,80,7.2,GR,1683824797
364,island harbour,50.724,-1.2758,17.31,67,30,1.79,GB,1683824797
365,mgandu,-5.95,34.1333,20.36,63,98,1.86,TZ,1683824797
366,verkhnevilyuysk,63.4453,120.3167,-2.12,74,55,1.55,RU,1683824798
367,tyukhtet,56.5389,89.3011,5.23,77,68,1.28,RU,1683824798
368,hanceville,34.0607,-86.7675,24.95,70,97,4.51,US,1683824798
369,hinton,53.4001,-117.5857,14.99,53,44,1.24,CA,1683824798
370,bluefields,12.0137,-83.7635,31.04,79,75,4.12,NI,1683824799
371,oliva de la frontera,38.276,-6.9187,27.65,13,8,5.5,ES,1683824799
372,vredendal,-31.6683,18.5012,15.42,73,100,8.61,ZA,1683824799
373,boa vista,2.8197,-60.6733,29.99,62,75,1.54,BR,1683824800
374,victorica,-36.2151,-65.4359,20.91,38,34,6.24,AR,1683824800
375,kota kinabalu,5.9749,116.0724,27.99,89,20,1.54,MY,1683824584
376,nema,57.5067,50.5011,8.72,75,12,1.64,RU,1683824800
377,aegina,37.7467,23.4275,17.75,68,100,6.15,GR,1683824801
378,sao tome,0.3365,6.7273,28.44,77,91,3.45,ST,1683824801
379,cannonvale,-20.2833,148.7,21.66,82,14,6.77,AU,1683824801
380,mahibadhoo,3.7833,72.9667,27.97,78,100,6.16,MV,1683824802
381,sao joao da barra,-21.6403,-41.0511,25.05,81,100,4.01,BR,1683824621
382,tommot,58.9564,126.2925,-0.39,98,100,2.88,RU,1683824802
383,golyshmanovo,56.3979,68.3728,6.07,69,56,3.28,RU,1683824802
384,launceston,-41.45,147.1667,10.08,85,75,3.09,AU,1683824803
385,kenai,60.5544,-151.2583,6.28,80,72,2.27,US,1683824561
386,nouadhibou,20.931,-17.0347,20.99,78,74,9.77,MR,1683824803
387,aykhal,66.0,111.5,-1.2,91,100,10.58,RU,1683824804
388,turar ryskulov,42.5333,70.3333,20.7,40,100,1.85,KZ,1683824804
389,suixi,33.8907,116.7747,14.52,61,87,2.15,CN,1683824804
390,wundanyi,-3.4019,38.364,18.32,71,97,3.02,KE,1683824805
391,codrington,-38.2667,141.9667,9.89,76,100,3.39,AU,1683824805
392,tell city,37.9514,-86.7678,24.76,66,0,0.0,US,1683824805
393,energetik,51.7445,58.7934,10.61,67,82,3.47,RU,1683824806
394,kota belud,6.351,116.4305,25.96,87,73,1.61,MY,1683824806
395,sur,22.5667,59.5289,32.52,44,0,0.62,OM,1683824806
396,uturoa,-16.7333,-151.4333,26.73,81,95,10.41,PF,1683824806
397,lazaro cardenas,17.9583,-102.2,30.62,58,79,3.19,MX,1683824807
398,kwang binh,17.4833,106.6,25.23,90,29,2.49,VN,1683824807
399,flin flon,54.7682,-101.865,20.92,39,1,3.25,CA,1683824807
400,langepas,61.2544,75.2124,-1.75,63,63,4.66,RU,1683824808
401,le port,-20.9373,55.2919,26.0,90,47,2.32,RE,1683824808
402,la villa del rosario,10.3258,-72.3134,34.04,47,98,1.51,VE,1683824808
403,fort mcmurray,56.7268,-111.381,21.0,36,97,1.48,CA,1683824809
404,tralee,52.2704,-9.7026,13.14,82,75,6.69,IE,1683824809
405,susuman,62.7833,148.1667,-1.43,91,92,1.04,RU,1683824809
406,kaynarca,41.0308,30.3075,12.1,85,92,6.36,TR,1683824810
407,belyy yar,53.6039,91.3903,10.94,71,20,3.0,RU,1683824811
408,mirandela,41.4874,-7.187,22.95,28,0,7.17,PT,1683824811
409,centralia,46.7162,-122.9543,16.66,71,0,1.54,US,1683824811
410,tintafor,8.6267,-13.215,29.22,67,93,4.2,SL,1683824812
411,heyuan,23.7333,114.6833,21.75,94,100,1.39,CN,1683824812
412,chui,-33.6971,-53.4616,17.0,63,69,3.55,UY,1683824813
413,olyokminsk,60.3736,120.4264,0.96,76,100,0.97,RU,1683824814
414,acapulco de juarez,16.8634,-99.8901,30.9,57,36,3.1,MX,1683824597
415,real,14.6625,121.6047,26.45,90,90,2.52,PH,1683824815
416,hilo,19.7297,-155.09,25.16,85,40,1.54,US,1683824815
417,darnah,32.767,22.6367,19.14,73,6,2.11,LY,1683824815
418,praia da vitoria,38.7333,-27.0667,18.2,88,89,5.3,PT,1683824816
419,alta,69.9689,23.2717,8.59,82,75,1.03,NO,1683824816
420,remire-montjoly,4.9167,-52.2667,25.02,100,75,2.06,GF,1683824816
421,castanos,26.7833,-101.4167,31.3,38,40,0.0,MX,1683824817
422,arkadak,51.9326,43.4978,8.32,95,93,2.42,RU,1683824817
423,tidjikja,18.5564,-11.4271,40.27,8,85,3.75,MR,1683824586
424,karymskoye,51.6167,114.35,7.52,46,87,5.33,RU,1683824817
425,mae chan,20.1467,99.8526,26.24,84,96,0.79,TH,1683824818
426,meizhou,24.2977,116.1072,21.61,93,100,0.62,CN,1683824818
427,pagsanghan,11.9657,124.7212,25.18,92,99,1.88,PH,1683824818
428,kalianget,-7.05,113.9333,27.74,85,100,4.94,ID,1683824819
429,valley center,33.2184,-117.0342,17.12,74,61,0.89,US,1683824819
430,bamboo flat,11.7,92.7167,28.99,75,100,8.71,IN,1683824819
431,preobrazheniye,42.9019,133.9064,6.81,66,77,2.36,RU,1683824820
432,coquimbo,-29.9533,-71.3436,14.85,82,100,2.57,CL,1683824820
433,rio grande,-32.035,-52.0986,19.06,69,63,5.87,BR,1683824577
434,zheleznodorozhnyy,55.7503,38.0042,16.23,72,73,2.02,RU,1683824820
435,kristiansund,63.1115,7.732,12.03,76,75,2.57,NO,1683824821
436,namibe,-15.1961,12.1522,24.34,74,14,5.29,AO,1683824821
437,price,39.5994,-110.8107,17.29,31,0,7.2,US,1683824821
438,kairouan,35.6781,10.0963,19.54,74,88,6.38,TN,1683824822
439,naze,28.3667,129.4833,19.51,61,70,2.94,JP,1683824593
440,vorgashor,67.5833,63.95,-4.81,96,100,1.89,RU,1683824822
441,veraval,20.9,70.3667,30.97,52,5,7.33,IN,1683824823
442,gua musang,4.8823,101.9644,24.62,92,57,0.6,MY,1683824823
443,banda aceh,5.5577,95.3222,27.21,80,100,1.55,ID,1683824823
444,san julian,21.0167,-102.1667,25.3,13,1,4.88,MX,1683824824
445,wacheng,33.7833,114.5167,14.02,52,69,3.26,CN,1683824824
446,kayangel,8.0823,134.7173,28.81,72,96,1.36,PW,1683824825
447,waddan,29.1614,16.139,27.32,29,2,6.68,LY,1683824825
448,nehe,48.4833,124.8333,16.55,26,100,4.53,CN,1683824826
449,zabol,32.25,67.25,21.94,24,61,1.72,AF,1683824826
450,zhob,31.3411,69.4481,26.11,26,66,1.09,PK,1683824826
451,alness,57.696,-4.2551,10.36,92,100,2.78,GB,1683824827
452,kavaratti,10.5669,72.642,29.61,71,65,1.58,IN,1683824827
453,quitilipi,-26.8691,-60.2168,24.24,42,46,2.44,AR,1683824827
454,tindouf,27.6711,-8.1474,39.96,6,8,6.92,DZ,1683824827
455,mitu,1.1983,-70.1733,22.66,96,100,0.39,CO,1683824828
456,sonamura,23.4719,91.2664,27.41,68,12,3.8,IN,1683824828
457,comayagua,14.45,-87.6333,34.68,37,53,1.41,HN,1683824828
458,raahe,64.6833,24.4833,15.05,69,5,8.01,FI,1683824829
459,gamba,-2.65,10.0,26.83,85,56,3.22,GA,1683824829
460,hailar,49.2,119.7,11.9,78,100,2.45,CN,1683824829
461,pemangkat,1.1667,108.9667,26.85,84,60,2.61,ID,1683824830
462,barra do corda,-5.5,-45.25,32.12,54,33,1.62,BR,1683824570
463,ati,13.2154,18.3353,38.11,8,66,3.08,TD,1683824830
464,altai,46.3722,96.2583,7.31,43,42,2.36,MN,1683824831
465,gaigeturi,33.4644,126.3183,16.36,82,40,2.8,KR,1683824831
466,inyonga,-6.7167,32.0667,20.92,75,100,0.52,TZ,1683824831
467,lloydminster,53.2835,-110.0016,18.12,42,75,1.54,CA,1683824576
468,malazgirt,39.1427,42.5401,14.25,58,82,2.4,TR,1683824832
469,tchintabaraden,15.8969,5.7985,40.56,12,95,3.83,NE,1683824832
470,myingyan,21.4667,95.3833,33.73,43,92,6.18,MM,1683824833
471,bonthe,7.5264,-12.505,30.0,65,97,4.73,SL,1683824602
472,phon,15.816,102.5998,32.25,60,18,2.76,TH,1683824834
473,wewak,-3.5534,143.6268,27.02,82,99,1.69,PG,1683824834
474,satipo,-11.2522,-74.6386,23.57,89,97,0.96,PE,1683824834
475,kimry,56.8667,37.35,12.72,64,64,1.87,RU,1683824835
476,huetamo de nunez,18.5833,-100.8833,36.45,26,21,0.99,MX,1683824835
477,gandajika,-6.75,23.95,23.78,58,28,1.28,CD,1683824836
478,kyaukse,21.6,96.1333,27.84,70,91,5.52,MM,1683824836
479,la passe,45.5549,-0.8967,16.68,64,18,6.49,FR,1683824837
480,ribeirao da ilha,-27.6993,-48.5322,22.2,52,20,7.2,BR,1683824837
481,broome,42.2506,-75.833,24.27,41,0,3.13,US,1683824837
482,skoghall,59.3232,13.4655,20.31,32,20,2.57,SE,1683824838
483,yuzhno-sukhokumsk,44.6581,45.6436,11.59,70,81,4.51,RU,1683824838
484,puerto carreno,6.189,-67.4859,30.87,57,86,2.91,CO,1683824839
485,atherton,53.5237,-2.4935,16.14,76,100,1.34,GB,1683824778
486,necochea,-38.5473,-58.7368,14.44,49,47,2.89,AR,1683824839
487,pangoa,-12.1167,-73.0,26.68,66,100,1.33,PE,1683824840
488,nyurba,63.2842,118.3319,-2.1,68,5,1.1,RU,1683824840
489,palikir - national government center,6.9248,158.1611,28.03,80,42,5.9,FM,1683824841
490,severo-yeniseyskiy,60.3725,93.0408,0.06,87,100,1.14,RU,1683824841
491,muri,23.3667,85.8667,29.8,9,1,0.57,IN,1683824841
492,acajutla,13.5928,-89.8275,30.53,63,6,3.45,SV,1683824842
493,smara,26.7384,-11.6719,36.59,15,89,8.37,EH,1683824842
494,tutoia,-2.7619,-42.2744,29.1,72,30,3.51,BR,1683824842
495,buenavista del norte,28.3746,-16.861,25.25,69,0,8.08,ES,1683824843
496,abu jibeha,11.4562,31.2285,36.19,20,37,0.84,SD,1683824843
497,kodiak,57.79,-152.4072,5.73,87,100,5.14,US,1683824844
498,fort-shevchenko,44.5086,50.263,15.59,84,56,7.95,KZ,1683824844
499,nyala,12.05,24.8833,35.15,21,95,2.51,SD,1683824844
500,whitehaven,54.549,-3.5841,13.81,90,100,0.45,GB,1683824550
501,magadan,59.5667,150.8,-0.12,94,23,0.89,RU,1683824845
502,wau,7.7029,27.9953,29.68,45,86,1.89,SS,1683824845
503,kailua-kona,19.6406,-155.9956,23.98,80,40,2.06,US,1683824846
504,conde,-7.2597,-34.9075,29.7,62,20,5.14,BR,1683824846
505,gobabis,-22.45,18.9667,21.6,15,5,3.85,NA,1683824846
506,antofagasta,-23.65,-70.4,18.6,62,25,2.76,CL,1683824847
507,nanakuli,21.3906,-158.1547,22.28,83,100,2.06,US,1683824847
508,pindushi,62.9152,34.58,14.08,46,96,2.44,RU,1683824847
509,chibougamau,49.9168,-74.3659,17.63,32,4,2.81,CA,1683824848
510,hithadhoo,-0.6,73.0833,28.65,77,94,6.43,MV,1683824848
511,santa vitoria do palmar,-33.5189,-53.3681,17.52,59,62,3.45,BR,1683824849
512,alpena,45.0617,-83.4327,26.18,31,75,1.41,US,1683824849
513,curuca,-0.7289,-47.8481,28.46,78,72,2.48,BR,1683824850
514,manokwari,-0.8667,134.0833,25.05,89,100,3.75,ID,1683824850
515,cestos city,5.46,-9.5828,29.05,75,47,3.58,LR,1683824850
516,muli,2.9167,73.5667,28.0,79,99,6.43,MV,1683824850
517,newton,42.337,-71.2092,28.19,26,0,5.14,US,1683824851
518,canon city,38.441,-105.2424,13.17,67,0,11.32,US,1683824695
519,weno,7.4515,151.8468,28.47,78,93,3.46,FM,1683824852
520,calabozo,8.9242,-67.4293,33.13,44,94,1.93,VE,1683824852
521,collie,-33.3667,116.15,7.7,74,0,1.85,AU,1683824852
522,markovo,57.3206,107.0881,-2.37,92,32,1.3,RU,1683824853
523,east end,34.5507,-92.341,22.84,89,100,4.03,US,1683824853
524,ostersund,63.1792,14.6357,13.67,35,0,4.12,SE,1683824853
525,marsh harbour,26.5412,-77.0636,25.58,68,4,5.89,BS,1683824734
526,swakopmund,-22.6833,14.5333,17.47,87,100,2.68,NA,1683824715
527,kiunga,-6.1219,141.2906,23.45,100,100,0.23,PG,1683824854
528,coahuayana de hidalgo,18.7,-103.6583,32.5,50,26,3.18,MX,1683824854
529,muisne,0.6,-80.0333,29.05,74,83,2.22,EC,1683824854
530,valparaiso,-33.0393,-71.6273,30.13,23,0,6.17,CL,1683824761
531,callao,-12.0667,-77.15,27.07,64,40,5.66,PE,1683824857
532,nenjiang,49.1833,125.2167,14.96,29,100,3.48,CN,1683824858
533,cole harbour,44.6724,-63.4751,20.1,58,10,4.92,CA,1683824858
534,cidreira,-30.1811,-50.2056,17.7,66,62,7.02,BR,1683824566
535,ishikawa,26.4233,127.8214,20.98,68,7,2.24,JP,1683824859
536,acarau,-2.8856,-40.12,29.15,72,58,3.98,BR,1683824859
537,lospalos,-8.5186,127.0025,21.44,83,70,3.69,TL,1683824860
538,vilhena,-12.7406,-60.1458,27.12,65,20,3.6,BR,1683824652
539,eyl,7.9803,49.8164,28.01,81,100,7.58,SO,1683824860
540,kone,-21.0595,164.8658,21.8,79,100,2.53,NC,1683824861
541,grand falls-windsor,48.9332,-55.6649,12.5,38,16,2.68,CA,1683824861
542,liboro,13.8245,122.7295,25.85,88,86,2.55,PH,1683824861
543,totness,5.8833,-56.3167,27.18,80,61,3.04,SR,1683824862
544,horta,38.5333,-28.6333,19.8,68,20,5.36,PT,1683824862
545,yulinshi,38.2906,109.7494,15.59,31,29,2.48,CN,1683824862
546,glace bay,46.1969,-59.957,16.26,31,17,5.15,CA,1683824863
547,moscow,55.7522,37.6156,16.24,54,52,1.76,RU,1683824689
548,zhaotong,27.3167,103.7167,8.39,91,100,3.2,CN,1683824863
549,totskoye,52.5248,52.7623,13.77,46,99,3.1,RU,1683824864
550,fengxiang,47.5833,130.8333,10.48,37,23,1.29,CN,1683824864
551,chashniki,54.8569,29.1607,12.55,70,72,2.77,BY,1683824864
